{"cameraMode":{"drawMode":0,"name":"Shaded","section":"Shading Mode"},"sceneLighting":false,"audioPlay":false,"sceneViewState":{"showFog":true,"showMaterialUpdate":false,"showSkybox":true,"showFlares":true,"showImageEffects":true,"showParticleSystems":true},"in2DMode":false,"pivot":{"x":0.17743396759033204,"y":0.527308464050293,"z":0.2883131504058838},"rotation":{"x":-0.12074244022369385,"y":-0.807002604007721,"z":0.1770797073841095,"w":-0.5502824783325195},"size":4.041658401489258,"orthographic":false}