{"cameraMode":{"drawMode":0,"name":"Shaded","section":"Shading Mode"},"sceneLighting":false,"audioPlay":false,"sceneViewState":{"showFog":true,"showMaterialUpdate":false,"showSkybox":true,"showFlares":true,"showImageEffects":true,"showParticleSystems":true},"in2DMode":false,"pivot":{"x":1.1890000104904175,"y":1.2740000486373902,"z":0.0},"rotation":{"x":0.10183282196521759,"y":0.8696514368057251,"z":-0.20179350674152375,"w":0.43888023495674136},"size":0.2857882082462311,"orthographic":false}