{"cameraMode":{"drawMode":0,"name":"Shaded","section":"Shading Mode"},"sceneLighting":true,"audioPlay":false,"sceneViewState":{"showFog":true,"showMaterialUpdate":false,"showSkybox":true,"showFlares":true,"showImageEffects":true,"showParticleSystems":true},"in2DMode":false,"pivot":{"x":-0.15067768096923829,"y":0.8016089797019959,"z":-0.18756413459777833},"rotation":{"x":0.0995984748005867,"y":0.1199953705072403,"z":-0.012099950574338436,"w":0.9876917004585266},"size":5.795166015625,"orthographic":true}