{"cameraMode":{"drawMode":0,"name":"Shaded","section":"Shading Mode"},"sceneLighting":false,"audioPlay":false,"sceneViewState":{"showFog":true,"showMaterialUpdate":false,"showSkybox":true,"showFlares":true,"showImageEffects":true,"showParticleSystems":true},"in2DMode":false,"pivot":{"x":-59.418914794921878,"y":1.4458801746368409,"z":-13.613407135009766},"rotation":{"x":0.20767897367477418,"y":0.7261939644813538,"z":-0.24874567985534669,"w":0.6063311100006104},"size":7.549926280975342,"orthographic":false}