{"cameraMode":{"drawMode":0,"name":"Shaded","section":"Shading Mode"},"sceneLighting":false,"audioPlay":false,"sceneViewState":{"showFog":true,"showMaterialUpdate":false,"showSkybox":true,"showFlares":true,"showImageEffects":true,"showParticleSystems":true},"in2DMode":false,"pivot":{"x":-51.11525344848633,"y":-0.6111307144165039,"z":11.750804901123047},"rotation":{"x":-0.2976239323616028,"y":-0.33631187677383425,"z":0.11301910132169724,"w":-0.8863075375556946},"size":14.73862361907959,"orthographic":false}