{"cameraMode":{"drawMode":0,"name":"Shaded","section":"Shading Mode"},"sceneLighting":true,"audioPlay":false,"sceneViewState":{"showFog":true,"showMaterialUpdate":false,"showSkybox":false,"showFlares":true,"showImageEffects":true,"showParticleSystems":true},"in2DMode":false,"pivot":{"x":-195.31260681152345,"y":0.00901031494140625,"z":2.3324036598205568},"rotation":{"x":0.22303757071495057,"y":-0.6151158809661865,"z":0.18724866211414338,"w":0.7326832413673401},"size":10.960455894470215,"orthographic":false}