{"cameraMode":{"drawMode":0,"name":"Shaded","section":"Shading Mode"},"sceneLighting":false,"audioPlay":false,"sceneViewState":{"showFog":true,"showMaterialUpdate":false,"showSkybox":true,"showFlares":true,"showImageEffects":true,"showParticleSystems":true},"in2DMode":false,"pivot":{"x":0.010119885206222535,"y":0.24968774616718293,"z":0.8805195093154907},"rotation":{"x":-0.056788671761751178,"y":0.9392058849334717,"z":-0.25937917828559878,"w":-0.2176922857761383},"size":2.3241777420043947,"orthographic":false}