{"cameraMode":{"drawMode":0,"name":"Shaded","section":"Shading Mode"},"sceneLighting":false,"audioPlay":false,"sceneViewState":{"showFog":true,"showMaterialUpdate":false,"showSkybox":true,"showFlares":true,"showImageEffects":true,"showParticleSystems":true},"in2DMode":false,"pivot":{"x":-89.22833251953125,"y":-20.881065368652345,"z":-30.011322021484376},"rotation":{"x":0.1386176496744156,"y":0.8529128432273865,"z":-0.28501975536346438,"w":0.41483575105667117},"size":12.277042388916016,"orthographic":false}