{"cameraMode":{"drawMode":0,"name":"Shaded","section":"Shading Mode"},"sceneLighting":false,"audioPlay":false,"sceneViewState":{"showFog":true,"showMaterialUpdate":false,"showSkybox":true,"showFlares":true,"showImageEffects":true,"showParticleSystems":true},"in2DMode":false,"pivot":{"x":0.0771230161190033,"y":0.4819600582122803,"z":-0.0011524111032485962},"rotation":{"x":0.07727722823619843,"y":0.8952616453170776,"z":-0.17124789953231812,"w":0.4039912223815918},"size":2.0413870811462404,"orthographic":false}