{"cameraMode":{"drawMode":0,"name":"Shaded","section":"Shading Mode"},"sceneLighting":true,"audioPlay":false,"sceneViewState":{"showFog":true,"showMaterialUpdate":false,"showSkybox":true,"showFlares":true,"showImageEffects":true,"showParticleSystems":true},"in2DMode":false,"pivot":{"x":-6.784019470214844,"y":2.5570068359375,"z":1.3966550827026368},"rotation":{"x":-0.32878339290618899,"y":-0.5612404942512512,"z":0.2583468556404114,"w":-0.7142601013183594},"size":111.26914978027344,"orthographic":false}