{"cameraMode":{"drawMode":0,"name":"Shaded","section":"Shading Mode"},"sceneLighting":true,"audioPlay":false,"sceneViewState":{"showFog":false,"showMaterialUpdate":false,"showSkybox":false,"showFlares":false,"showImageEffects":false,"showParticleSystems":false},"in2DMode":false,"pivot":{"x":-48.26681137084961,"y":24.345569610595704,"z":-38.44681930541992},"rotation":{"x":0.2625134587287903,"y":0.7074573040008545,"z":-0.3261687755584717,"w":0.5693899393081665},"size":203.95091247558595,"orthographic":false}