{"cameraMode":{"drawMode":0,"name":"Shaded","section":"Shading Mode"},"sceneLighting":false,"audioPlay":false,"sceneViewState":{"showFog":true,"showMaterialUpdate":false,"showSkybox":true,"showFlares":true,"showImageEffects":true,"showParticleSystems":true},"in2DMode":false,"pivot":{"x":0.39994725584983828,"y":0.8010169267654419,"z":0.020001709461212159},"rotation":{"x":0.12089019268751145,"y":0.8651315569877625,"z":-0.2506467401981354,"w":0.41726401448249819},"size":5.557074069976807,"orthographic":true}