{"cameraMode":{"drawMode":0,"name":"Shaded","section":"Shading Mode"},"sceneLighting":false,"audioPlay":false,"sceneViewState":{"showFog":true,"showMaterialUpdate":false,"showSkybox":true,"showFlares":true,"showImageEffects":true,"showParticleSystems":true},"in2DMode":false,"pivot":{"x":-0.3751271963119507,"y":-0.26653942465782168,"z":-0.408203125},"rotation":{"x":-0.042424775660037997,"y":0.9427715539932251,"z":-0.14510448276996613,"w":-0.29719802737236025},"size":5.457002639770508,"orthographic":false}