{"cameraMode":{"drawMode":0,"name":"Shaded","section":"Shading Mode"},"sceneLighting":false,"audioPlay":false,"sceneViewState":{"showFog":true,"showMaterialUpdate":false,"showSkybox":true,"showFlares":true,"showImageEffects":true,"showParticleSystems":true},"in2DMode":false,"pivot":{"x":0.21007949113845826,"y":-1.022181510925293,"z":-1.165003776550293},"rotation":{"x":0.004582008812576532,"y":-0.9409887194633484,"z":0.33816730976104739,"w":0.012739129364490509},"size":3.612368106842041,"orthographic":false}